time_s,timecode,event,beat_index,bar,beat_in_bar,energy,hit_strength
0.070,00:00.070,downbeat,0,1,1,0.000,1.124
0.070,00:00.070,strong hit,,,,,
0.488,00:00.488,beat,1,1,2,0.056,0.229
0.882,00:00.882,beat,2,1,3,0.635,0.258
1.277,00:01.277,beat,3,1,4,0.986,0.781
1.741,00:01.741,downbeat,4,2,1,0.983,1.249
1.741,00:01.741,strong hit,,,,,
2.206,00:02.206,beat,5,2,2,1.000,1.181
2.206,00:02.206,strong hit,,,,,
2.670,00:02.670,beat,6,2,3,1.000,1.128
2.670,00:02.670,strong hit,,,,,
3.135,00:03.135,beat,7,2,4,1.000,0.776
3.576,00:03.576,downbeat,8,3,1,0.993,1.249
3.576,00:03.576,strong hit,,,,,
4.040,00:04.040,beat,9,3,2,0.991,1.362
4.040,00:04.040,strong hit,,,,,
4.505,00:04.505,beat,10,3,3,0.992,1.380
4.505,00:04.505,strong hit,,,,,
4.969,00:04.969,beat,11,3,4,0.989,0.865
5.433,00:05.433,downbeat,12,4,1,1.000,1.196
5.433,00:05.433,strong hit,,,,,
5.898,00:05.898,beat,13,4,2,1.000,1.412
5.898,00:05.898,strong hit,,,,,
6.362,00:06.362,beat,14,4,3,1.000,1.233
6.362,00:06.362,strong hit,,,,,
6.827,00:06.827,beat,15,4,4,0.942,0.763
7.291,00:07.291,downbeat,16,5,1,0.791,0.942
7.732,00:07.732,beat,17,5,2,0.678,0.979
8.197,00:08.197,beat,18,5,3,0.707,1.158
8.197,00:08.197,strong hit,,,,,
8.661,00:08.661,beat,19,5,4,0.886,0.926
9.125,00:09.125,downbeat,20,6,1,0.937,1.143
9.125,00:09.125,strong hit,,,,,
9.590,00:09.590,beat,21,6,2,0.988,0.838
10.054,00:10.054,beat,22,6,3,0.971,0.972
10.495,00:10.495,beat,23,6,4,0.900,0.934
10.960,00:10.960,downbeat,24,7,1,0.875,0.960
11.424,00:11.424,beat,25,7,2,0.866,0.835
11.889,00:11.889,beat,26,7,3,0.865,1.114
12.353,00:12.353,beat,27,7,4,0.790,1.215
12.353,00:12.353,strong hit,,,,,
12.817,00:12.817,downbeat,28,8,1,0.852,1.229
12.817,00:12.817,strong hit,,,,,
13.282,00:13.282,beat,29,8,2,0.882,1.028
13.746,00:13.746,beat,30,8,3,0.601,0.696
14.211,00:14.211,beat,31,8,4,0.262,0.198
14.675,00:14.675,downbeat,32,9,1,0.174,0.654
15.139,00:15.139,beat,33,9,2,0.339,0.667
15.581,00:15.581,beat,34,9,3,0.595,0.416
16.045,00:16.045,beat,35,9,4,0.836,0.513
16.045,00:16.045,DROP / energy jump,,,,,
16.509,00:16.509,downbeat,36,10,1,0.877,0.786
16.974,00:16.974,beat,37,10,2,0.910,0.887
17.438,00:17.438,beat,38,10,3,0.905,0.910
17.903,00:17.903,beat,39,10,4,0.870,0.499
18.344,00:18.344,downbeat,40,11,1,0.877,1.071
18.808,00:18.808,beat,41,11,2,0.890,1.033
19.273,00:19.273,beat,42,11,3,0.890,0.941
19.737,00:19.737,beat,43,11,4,0.882,0.606
20.201,00:20.201,downbeat,44,12,1,0.913,1.060
20.666,00:20.666,beat,45,12,2,0.929,1.035
21.130,00:21.130,beat,46,12,3,0.935,0.853
21.595,00:21.595,beat,47,12,4,0.931,0.714
22.059,00:22.059,downbeat,48,13,1,0.872,0.687
22.500,00:22.500,beat,49,13,2,0.944,0.764
22.965,00:22.965,beat,50,13,3,0.876,0.840
23.429,00:23.429,beat,51,13,4,0.908,0.546
23.893,00:23.893,downbeat,52,14,1,0.896,0.936
24.358,00:24.358,beat,53,14,2,0.864,0.956
24.822,00:24.822,beat,54,14,3,0.851,0.845
25.287,00:25.287,beat,55,14,4,0.886,0.545
25.728,00:25.728,downbeat,56,15,1,0.871,0.947
26.192,00:26.192,beat,57,15,2,0.880,0.808
26.657,00:26.657,beat,58,15,3,0.904,0.955
27.121,00:27.121,beat,59,15,4,0.911,0.556
27.585,00:27.585,downbeat,60,16,1,0.892,1.077
28.050,00:28.050,beat,61,16,2,0.776,1.023
28.514,00:28.514,beat,62,16,3,0.304,0.444
28.979,00:28.979,beat,63,16,4,0.000,0.699
29.443,00:29.443,downbeat,64,17,1,0.000,0.640
29.884,00:29.884,beat,65,17,2,0.179,0.743
30.348,00:30.348,beat,66,17,3,0.547,0.853
30.813,00:30.813,beat,67,17,4,0.849,0.755
30.813,00:30.813,DROP / energy jump,,,,,
31.277,00:31.277,downbeat,68,18,1,0.919,0.702
31.742,00:31.742,beat,69,18,2,0.941,0.889
32.206,00:32.206,beat,70,18,3,0.895,0.829
32.670,00:32.670,beat,71,18,4,0.897,0.662
33.112,00:33.112,downbeat,72,19,1,0.903,0.821
33.576,00:33.576,beat,73,19,2,0.912,0.648
34.040,00:34.040,beat,74,19,3,0.875,0.652
34.505,00:34.505,beat,75,19,4,0.819,0.938
34.946,00:34.946,downbeat,76,20,1,0.671,0.466
35.410,00:35.410,beat,77,20,2,0.494,0.975
35.875,00:35.875,beat,78,20,3,0.416,1.044
36.316,00:36.316,beat,79,20,4,0.219,0.414
36.780,00:36.780,downbeat,80,21,1,0.267,0.316
37.268,00:37.268,beat,81,21,2,0.515,0.305
37.732,00:37.732,beat,82,21,3,0.545,0.479
38.174,00:38.174,beat,83,21,4,0.598,0.849
38.638,00:38.638,downbeat,84,22,1,0.501,0.660
39.102,00:39.102,beat,85,22,2,0.231,0.282
39.567,00:39.567,beat,86,22,3,0.035,0.581
40.008,00:40.008,beat,87,22,4,0.127,1.112
40.472,00:40.472,downbeat,88,23,1,0.331,0.613
40.937,00:40.937,beat,89,23,2,0.385,0.415
41.378,00:41.378,beat,90,23,3,0.300,0.658
41.842,00:41.842,beat,91,23,4,0.336,0.876
42.307,00:42.307,downbeat,92,24,1,0.238,0.654
42.771,00:42.771,beat,93,24,2,0.059,0.508
43.236,00:43.236,beat,94,24,3,0.000,0.530
43.677,00:43.677,beat,95,24,4,0.033,0.547
44.141,00:44.141,downbeat,96,25,1,0.377,0.459
44.606,00:44.606,beat,97,25,2,0.577,0.236
44.606,00:44.606,DROP / energy jump,,,,,
45.047,00:45.047,beat,98,25,3,0.558,0.844
45.511,00:45.511,beat,99,25,4,0.576,0.907
45.976,00:45.976,downbeat,100,26,1,0.525,0.517
46.440,00:46.440,beat,101,26,2,0.360,0.380
46.881,00:46.881,beat,102,26,3,0.195,0.918
47.345,00:47.345,beat,103,26,4,0.244,0.525
47.787,00:47.787,downbeat,104,27,1,0.302,0.427
48.251,00:48.251,beat,105,27,2,0.332,0.427
48.715,00:48.715,beat,106,27,3,0.302,0.748
49.180,00:49.180,beat,107,27,4,0.320,0.697
49.644,00:49.644,downbeat,108,28,1,0.162,0.444
50.109,00:50.109,beat,109,28,2,0.000,0.442
50.550,00:50.550,beat,110,28,3,0.000,0.640
51.014,00:51.014,beat,111,28,4,0.000,0.503
51.455,00:51.455,downbeat,112,29,1,0.258,0.466
51.920,00:51.920,beat,113,29,2,0.474,0.294
51.920,00:51.920,DROP / energy jump,,,,,
52.361,00:52.361,beat,114,29,3,0.450,0.426
52.825,00:52.825,beat,115,29,4,0.452,0.374
53.290,00:53.290,downbeat,116,30,1,0.477,0.899
53.754,00:53.754,beat,117,30,2,0.351,0.272
54.219,00:54.219,beat,118,30,3,0.121,0.507
54.660,00:54.660,beat,119,30,4,0.172,0.556
55.124,00:55.124,downbeat,120,31,1,0.425,0.674
55.589,00:55.589,beat,121,31,2,0.567,0.193
56.053,00:56.053,beat,122,31,3,0.401,0.384
56.494,00:56.494,beat,123,31,4,0.292,0.558
56.959,00:56.959,downbeat,124,32,1,0.406,0.741
57.423,00:57.423,beat,125,32,2,0.575,0.429
57.864,00:57.864,beat,126,32,3,0.545,0.542
58.329,00:58.329,beat,127,32,4,0.544,0.566
58.793,00:58.793,downbeat,128,33,1,0.550,0.473
59.257,00:59.257,beat,129,33,2,0.426,0.303
59.699,00:59.699,beat,130,33,3,0.354,0.359
60.163,01:00.163,beat,131,33,4,0.406,0.638
60.627,01:00.627,downbeat,132,34,1,0.302,0.415
61.092,01:01.092,beat,133,34,2,0.192,0.290
61.533,01:01.533,beat,134,34,3,0.116,0.490
61.997,01:01.997,beat,135,34,4,0.186,0.646
62.462,01:02.462,downbeat,136,35,1,0.297,0.530
62.926,01:02.926,beat,137,35,2,0.400,0.222
63.367,01:03.367,beat,138,35,3,0.337,0.522
63.832,01:03.832,beat,139,35,4,0.277,0.521
64.296,01:04.296,downbeat,140,36,1,0.382,0.437
64.760,01:04.760,beat,141,36,2,0.531,0.423
65.202,01:05.202,beat,142,36,3,0.542,0.528
65.666,01:05.666,beat,143,36,4,0.545,0.574
66.107,01:06.107,downbeat,144,37,1,0.576,0.468
66.572,01:06.572,beat,145,37,2,0.588,0.527
67.036,01:07.036,beat,146,37,3,0.394,0.803
67.477,01:07.477,beat,147,37,4,0.241,0.614
67.942,01:07.942,downbeat,148,38,1,0.274,0.685
68.406,01:08.406,beat,149,38,2,0.189,0.853
68.870,01:08.870,beat,150,38,3,0.081,0.731
69.312,01:09.312,beat,151,38,4,0.163,0.666
69.776,01:09.776,downbeat,152,39,1,0.283,0.417
70.240,01:10.240,beat,153,39,2,0.388,0.552
70.705,01:10.705,beat,154,39,3,0.302,0.708
71.146,01:11.146,beat,155,39,4,0.207,0.643
71.610,01:11.610,downbeat,156,40,1,0.214,0.835
72.075,01:12.075,beat,157,40,2,0.138,0.639
72.516,01:12.516,beat,158,40,3,0.090,0.698
72.911,01:12.911,beat,159,40,4,0.000,0.349
