rel,kind,status,grade,score,duration,width,height,fps,codec,orientation,audio,size_mb,sharp,bright,contrast,motion,note,path
IMG_7052.MOV,video,ok,B,0.7926,4.918,3840,2160,23.992,hevc,landscape,True,10.1,2759.6302,0.4264,0.2355,0.0582,,00_SOURCE_MEDIA/IMG_7052.MOV
IMG_7054.MOV,video,ok,C,0.5587,5.7,3840,2160,30.0,hevc,landscape,True,17.37,1942.1025,0.4513,0.2306,0.1538,,00_SOURCE_MEDIA/IMG_7054.MOV
IMG_7056.MOV,video,ok,C,0.5129,6.6,3840,2160,30.0,hevc,landscape,True,23.59,2607.335,0.4109,0.1958,0.1533,,00_SOURCE_MEDIA/IMG_7056.MOV
IMG_7059.MOV,video,ok,A,0.8575,5.458,3840,2160,24.0,hevc,landscape,True,21.99,2768.8481,0.5026,0.2517,0.0254,,00_SOURCE_MEDIA/IMG_7059.MOV
IMG_7060.MOV,video,ok,B,0.6976,5.9,3840,2160,30.0,hevc,landscape,True,18.34,2639.3281,0.4378,0.2244,0.0687,,00_SOURCE_MEDIA/IMG_7060.MOV
IMG_7061.MOV,video,ok,C,0.6088,4.298,3840,2160,30.0,hevc,landscape,True,12.5,2417.2859,0.4812,0.2007,0.0921,,00_SOURCE_MEDIA/IMG_7061.MOV
IMG_7062.MOV,video,ok,B,0.7855,5.6,3840,2160,30.0,hevc,landscape,True,17.64,2694.7808,0.4615,0.2404,0.0708,,00_SOURCE_MEDIA/IMG_7062.MOV
IMG_7063.MOV,video,ok,A,0.8344,8.333,3840,2160,29.994,hevc,landscape,True,31.16,2877.863,0.3888,0.232,0.0664,,00_SOURCE_MEDIA/IMG_7063.MOV
IMG_7065.MOV,video,ok,A,0.858,7.3,3840,2160,29.993,hevc,landscape,True,27.26,2765.9734,0.4248,0.2594,0.0717,,00_SOURCE_MEDIA/IMG_7065.MOV
IMG_7066.MOV,video,ok,A,0.9064,5.132,3840,2160,30.0,hevc,landscape,True,15.9,4224.3223,0.4329,0.2273,0.11,,00_SOURCE_MEDIA/IMG_7066.MOV
IMG_7069.MOV,video,ok,A,0.9377,5.733,3840,2160,30.0,hevc,landscape,True,17.52,3969.877,0.4366,0.2449,0.0983,,00_SOURCE_MEDIA/IMG_7069.MOV
IMG_7070.MOV,video,ok,B,0.6381,7.365,3840,2160,30.0,hevc,landscape,True,21.31,1116.7172,0.5088,0.2657,0.06,,00_SOURCE_MEDIA/IMG_7070.MOV
IMG_7071.MOV,video,ok,B,0.6489,7.405,3840,2160,29.973,hevc,landscape,True,27.05,3043.8477,0.3928,0.1744,0.1218,,00_SOURCE_MEDIA/IMG_7071.MOV
IMG_7072.MOV,video,ok,D,0.4531,3.932,3840,2160,30.0,hevc,landscape,True,14.46,1050.5624,0.3025,0.2211,0.0651,,00_SOURCE_MEDIA/IMG_7072.MOV
IMG_7076.MOV,video,ok,C,0.552,4.8,3840,2160,30.0,hevc,landscape,True,14.21,1181.5145,0.3627,0.2259,0.0434,,00_SOURCE_MEDIA/IMG_7076.MOV
IMG_7078.MOV,video,ok,D,0.3803,4.165,3840,2160,30.0,hevc,landscape,True,18.41,558.7775,0.4644,0.2191,0.1459,,00_SOURCE_MEDIA/IMG_7078.MOV
IMG_7079.MOV,video,ok,C,0.5539,6.333,3840,2160,29.992,hevc,landscape,True,29.92,1821.1213,0.4534,0.1905,0.0417,,00_SOURCE_MEDIA/IMG_7079.MOV
